City_ID,City,Country,Date,Lat,Lng,Max Temp,Humidity,Cloudiness,Wind Speed,Current Description,Rain inches (last 3 hours),Snow inches (last 3 hours)
0,Saskylakh,RU,2020-07-12 21:11:58,71.92,114.08,59.54,72,89,16.42,overcast clouds,0,0
1,Rikitea,PF,2020-07-12 21:12:14,-23.12,-134.97,71.04,71,0,16.71,clear sky,0,0
2,Chaman,PK,2020-07-12 21:15:37,30.92,66.45,75.09,25,0,5.64,clear sky,0,0
3,Ushuaia,AR,2020-07-12 21:12:45,-54.8,-68.3,35.6,94,40,18.34,scattered clouds,0,0
4,Narsaq,GL,2020-07-12 21:12:41,60.92,-46.05,57.2,50,100,6.93,overcast clouds,0,0
5,Ostrovnoy,RU,2020-07-12 21:15:38,68.05,39.51,48.11,91,100,7.07,overcast clouds,0,0
6,Moroni,KM,2020-07-12 21:15:38,-11.7,43.26,76.24,72,4,3.38,clear sky,0,0
7,Miri,MY,2020-07-12 21:15:38,4.41,114.01,78.01,100,40,3.47,scattered clouds,0,0
8,Margate,GB,2020-07-12 21:15:38,51.38,1.39,60.01,69,86,1.01,overcast clouds,0,0
9,Beian,NO,2020-07-12 21:15:39,63.66,9.57,51.8,81,75,14.99,shower rain,0,0
10,Tirumullaivasal,IN,2020-07-12 21:15:39,11.23,79.83,83.34,70,90,11.63,light rain,0,0
11,Sao Filipe,CV,2020-07-12 21:15:14,14.9,-24.5,74.53,79,50,6.4,scattered clouds,0,0
12,Olafsvik,IS,2020-07-12 21:15:26,64.89,-23.71,51.37,81,67,3.42,broken clouds,0,0
13,Baykit,RU,2020-07-12 21:15:39,61.67,96.37,55.17,89,77,1.92,broken clouds,0,0
14,Tezu,IN,2020-07-12 21:15:21,27.92,96.17,75.06,86,100,2.91,moderate rain,0,0
15,Chokurdakh,RU,2020-07-12 21:15:41,70.63,147.92,61.21,56,73,10.42,broken clouds,0,0
16,Kenora,CA,2020-07-12 21:15:41,49.82,-94.43,75.2,50,75,4.7,shower rain,0,0
17,Severo-Kurilsk,RU,2020-07-12 21:15:41,50.68,156.12,49.71,92,100,9.19,overcast clouds,0,0
18,Atuona,PF,2020-07-12 21:15:41,-9.8,-139.03,80.6,73,1,22.46,clear sky,0,0
19,Alofi,NU,2020-07-12 21:15:42,-19.06,-169.92,75.2,83,100,21.92,overcast clouds,0,0
20,Paamiut,GL,2020-07-12 21:14:52,61.99,-49.67,43.43,86,100,2.04,light rain,0,0
21,Aykhal,RU,2020-07-12 21:15:24,66.0,111.5,53.6,76,75,4.47,broken clouds,0,0
22,Gap,FR,2020-07-12 21:15:42,44.67,6.0,62.01,75,3,2.15,clear sky,0,0
23,Sao Joao Da Barra,BR,2020-07-12 21:15:43,-21.64,-41.05,75.2,73,89,8.05,overcast clouds,0,0
24,Thompson,CA,2020-07-12 21:13:31,55.74,-97.86,71.6,56,75,6.93,broken clouds,0,0
25,Jamestown,US,2020-07-12 21:11:10,42.1,-79.24,75.0,60,1,12.75,clear sky,0,0
26,Hobart,AU,2020-07-12 21:13:09,-42.88,147.33,39.99,93,75,5.82,broken clouds,0,0
27,Caborca,MX,2020-07-12 21:15:43,30.58,-111.1,106.0,26,6,4.0,clear sky,0,0
28,Boguchany,RU,2020-07-12 21:15:44,58.38,97.45,53.46,83,7,2.28,clear sky,0,0
29,Luderitz,NA,2020-07-12 21:11:54,-26.65,15.16,55.4,93,3,1.12,clear sky,0,0
30,Georgetown,MY,2020-07-12 21:15:44,5.41,100.34,80.6,94,20,3.04,few clouds,0,0
31,Avarua,CK,2020-07-12 21:11:11,-21.21,-159.78,71.6,88,96,10.29,light rain,0,0
32,Norman Wells,CA,2020-07-12 21:15:44,65.28,-126.83,60.8,77,75,6.93,broken clouds,0,0
33,San Patricio,MX,2020-07-12 21:15:44,19.22,-104.7,89.6,75,40,11.41,scattered clouds,0,0
34,Puerto Ayora,EC,2020-07-12 21:15:44,-0.74,-90.35,70.0,85,88,3.0,overcast clouds,0,0
35,Aksu,CN,2020-07-12 21:15:09,41.12,80.26,73.17,35,11,3.42,few clouds,0,0
36,Turukhansk,RU,2020-07-12 21:15:45,65.82,87.98,56.35,78,100,8.28,overcast clouds,0,0
37,Busselton,AU,2020-07-12 21:10:54,-33.65,115.33,55.0,87,37,13.87,light rain,0,0
38,Bluff,NZ,2020-07-12 21:15:45,-46.6,168.33,39.0,83,82,3.0,broken clouds,0,0
39,Tasiilaq,GL,2020-07-12 21:14:37,65.61,-37.64,41.0,86,0,8.05,clear sky,0,0
40,Havoysund,NO,2020-07-12 21:15:46,71.0,24.66,51.8,93,75,11.41,broken clouds,0,0
41,Kodiak,US,2020-07-12 21:15:46,57.79,-152.41,55.4,71,90,11.41,overcast clouds,0,0
42,La Tuque,CA,2020-07-12 21:15:46,47.43,-72.78,70.9,68,80,11.56,broken clouds,0,0
43,Qaanaaq,GL,2020-07-12 21:15:46,77.48,-69.36,47.61,58,86,3.8,overcast clouds,0,0
44,San Felipe,VE,2020-07-12 21:15:46,10.34,-68.74,79.77,83,97,1.59,moderate rain,0,0
45,Kavaratti,IN,2020-07-12 21:15:47,10.57,72.64,82.65,76,100,12.28,light rain,0,0
46,Zelenogorskiy,RU,2020-07-12 21:15:47,55.03,87.0,60.8,100,0,4.47,clear sky,0,0
47,Nikolskoye,RU,2020-07-12 21:15:47,59.7,30.79,55.4,76,91,2.24,overcast clouds,0,0
48,Mubende,UG,2020-07-12 21:15:47,0.56,31.39,64.02,83,30,1.77,scattered clouds,0,0
49,Tuktoyaktuk,CA,2020-07-12 21:15:47,69.45,-133.04,57.2,67,40,9.17,scattered clouds,0,0
50,Lebu,CL,2020-07-12 21:11:20,-37.62,-73.65,50.22,89,100,5.79,overcast clouds,0,0
51,Cidreira,BR,2020-07-12 21:11:05,-30.18,-50.21,57.63,89,99,10.63,overcast clouds,0,0
52,Puerto Del Rosario,ES,2020-07-12 21:15:48,28.5,-13.86,73.4,83,0,17.22,clear sky,0,0
53,Pevek,RU,2020-07-12 21:11:14,69.7,170.31,48.54,72,71,3.98,broken clouds,0,0
54,Umm Lajj,SA,2020-07-12 21:14:38,25.02,37.27,85.05,61,0,2.59,clear sky,0,0
55,Barrow,US,2020-07-12 21:11:57,71.29,-156.79,37.4,94,90,6.93,overcast clouds,0,0
56,Carnarvon,AU,2020-07-12 21:12:12,-24.87,113.63,57.2,93,27,8.05,scattered clouds,0,0
57,New Norfolk,AU,2020-07-12 21:11:57,-42.78,147.06,39.0,91,0,2.21,clear sky,0,0
58,Muroto,JP,2020-07-12 21:15:49,33.28,134.15,74.1,80,100,17.07,overcast clouds,0,0
59,Aden,YE,2020-07-12 21:14:04,12.78,45.04,87.21,72,80,10.58,broken clouds,0,0
60,Katsuura,JP,2020-07-12 21:14:58,35.13,140.3,69.01,94,75,9.17,light rain,0,0
61,Port Elizabeth,ZA,2020-07-12 21:14:34,-33.92,25.57,46.4,81,0,1.12,clear sky,0,0
62,Butaritari,KI,2020-07-12 21:15:50,3.07,172.79,83.35,77,42,15.26,scattered clouds,0,0
63,Chinhoyi,ZW,2020-07-12 21:15:50,-17.37,30.2,54.41,42,0,5.06,clear sky,0,0
64,Lompoc,US,2020-07-12 21:13:47,34.64,-120.46,78.01,60,0,17.22,clear sky,0,0
65,Victor Harbor,AU,2020-07-12 21:15:06,-35.57,138.62,44.01,92,0,2.89,clear sky,0,0
66,Hilo,US,2020-07-12 21:11:54,19.73,-155.09,79.0,74,90,7.02,light rain,0,0
67,Upernavik,GL,2020-07-12 21:15:50,72.79,-56.15,42.1,83,98,9.89,overcast clouds,0,0
68,Katsina,NG,2020-07-12 21:15:51,12.99,7.6,76.01,71,38,8.79,scattered clouds,0,0
69,Montepuez,MZ,2020-07-12 21:15:51,-13.13,39.0,63.14,94,2,4.76,clear sky,0,0
70,Yaqui,MX,2020-07-12 21:15:51,27.37,-110.17,104.0,24,5,10.29,clear sky,0,0
71,Arraial Do Cabo,BR,2020-07-12 21:14:33,-22.97,-42.03,78.8,61,66,5.82,broken clouds,0,0
72,Yellowknife,CA,2020-07-12 21:10:53,62.46,-114.35,66.2,59,75,8.05,broken clouds,0,0
73,Workington,GB,2020-07-12 21:15:52,54.64,-3.54,59.0,70,96,5.99,overcast clouds,0,0
74,Guerrero Negro,MX,2020-07-12 21:15:05,27.98,-114.06,87.15,29,0,17.4,clear sky,0,0
75,Maryborough,AU,2020-07-12 21:15:52,-25.53,152.7,60.01,90,100,5.01,moderate rain,0,0
76,Bela,IN,2020-07-12 21:15:52,25.93,81.98,88.12,63,53,8.86,broken clouds,0,0
77,Viedma,AR,2020-07-12 21:11:04,-40.81,-63.0,43.12,59,0,15.61,clear sky,0,0
78,Oliveira Dos Brejinhos,BR,2020-07-12 21:11:05,-12.32,-42.9,76.32,31,0,3.11,clear sky,0,0
79,Lao Cai,VN,2020-07-12 21:15:53,22.48,103.95,75.25,85,100,0.92,overcast clouds,0,0
80,Kavieng,PG,2020-07-12 21:15:53,-2.57,150.8,82.36,71,98,3.4,overcast clouds,0,0
81,Sabang,ID,2020-07-12 21:15:54,5.89,95.32,82.35,74,100,6.82,overcast clouds,0,0
82,Tromso,NO,2020-07-12 21:15:44,69.65,18.96,51.8,87,75,5.82,shower rain,0,0
83,Saint-Philippe,RE,2020-07-12 21:15:55,-21.36,55.77,66.2,68,27,4.7,light rain,0,0
84,Tshikapa,CD,2020-07-12 21:15:56,-6.42,20.8,75.6,63,34,1.7,scattered clouds,0,0
85,Odessa,UA,2020-07-12 21:15:56,46.48,30.73,66.2,82,40,31.32,thunderstorm,0,0
86,Zaysan,KZ,2020-07-12 21:11:58,47.47,84.87,61.66,52,5,9.6,clear sky,0,0
87,Petukhovo,RU,2020-07-12 21:15:57,55.07,67.9,61.03,76,0,3.76,clear sky,0,0
88,Acapulco,MX,2020-07-12 21:15:57,16.86,-99.89,87.8,70,75,4.7,broken clouds,0,0
89,Khotiv,UA,2020-07-12 21:15:57,50.33,30.47,62.01,87,75,13.42,broken clouds,0,0
90,Cacu,BR,2020-07-12 21:11:17,-18.56,-51.13,77.88,42,100,0.81,overcast clouds,0,0
91,Hermanus,ZA,2020-07-12 21:15:57,-34.42,19.23,55.99,76,1,20.0,clear sky,0,0
92,Kalevala,RU,2020-07-12 21:15:58,65.2,31.17,51.08,81,18,4.92,few clouds,0,0
93,Bambous Virieux,MU,2020-07-12 21:11:16,-20.34,57.76,71.6,73,20,14.99,few clouds,0,0
94,Mataura,NZ,2020-07-12 21:15:58,-46.19,168.86,39.0,83,90,3.0,overcast clouds,0,0
95,Gardez,AF,2020-07-12 21:15:58,33.6,69.23,60.75,66,1,4.54,clear sky,0,0
96,Vagur,FO,2020-07-12 21:15:58,61.47,-6.81,52.25,89,100,16.35,overcast clouds,0,0
97,Mount Isa,AU,2020-07-12 21:13:25,-20.73,139.5,46.4,61,0,9.17,clear sky,0,0
98,Bredasdorp,ZA,2020-07-12 21:15:59,-34.53,20.04,50.0,61,0,4.7,clear sky,0,0
99,Berlevag,NO,2020-07-12 21:15:59,70.86,29.09,46.4,87,75,5.82,broken clouds,0,0
100,Cape Town,ZA,2020-07-12 21:15:00,-33.93,18.42,57.99,76,75,29.97,moderate rain,0,0
101,Longyearbyen,SJ,2020-07-12 21:14:54,78.22,15.64,46.4,75,75,1.12,broken clouds,0,0
102,Moose Factory,CA,2020-07-12 21:15:59,51.26,-80.61,55.4,93,90,3.36,overcast clouds,0,0
103,Augustdorf,DE,2020-07-12 21:16:01,51.91,8.73,59.0,62,97,4.7,overcast clouds,0,0
104,Troitsko-Pechorsk,RU,2020-07-12 21:16:02,62.71,56.2,55.85,76,18,7.31,few clouds,0,0
105,Kalaleh,IR,2020-07-12 21:16:02,37.38,55.49,77.0,69,20,3.94,few clouds,0,0
106,Punta Arenas,CL,2020-07-12 21:12:17,-53.15,-70.92,37.4,74,75,21.92,broken clouds,0,0
107,Port Alfred,ZA,2020-07-12 21:16:03,-33.59,26.89,58.64,36,0,11.36,clear sky,0,0
108,Albany,US,2020-07-12 21:16:03,42.6,-73.97,90.0,38,8,9.15,clear sky,0,0
109,Chuy,UY,2020-07-12 21:11:22,-33.7,-53.46,48.54,72,10,8.97,clear sky,0,0
110,Chernyshevskiy,RU,2020-07-12 21:16:03,63.01,112.47,56.23,81,9,2.95,clear sky,0,0
111,Loa Janan,ID,2020-07-12 21:16:03,-0.58,117.09,72.68,98,100,2.08,light rain,0,0
112,Saint George,US,2020-07-12 21:11:44,37.1,-113.58,109.0,13,1,26.4,clear sky,0,0
113,Tura,IN,2020-07-12 21:16:05,25.52,90.22,74.35,97,87,6.17,moderate rain,0,0
114,Oranjemund,NA,2020-07-12 21:12:32,-28.55,16.43,55.29,78,0,10.74,clear sky,0,0
115,Mahebourg,MU,2020-07-12 21:15:06,-20.41,57.7,71.6,78,40,13.87,scattered clouds,0,0
116,Junction City,US,2020-07-12 21:16:06,39.03,-96.83,89.6,40,1,9.17,clear sky,0,0
117,Rancho Mirage,US,2020-07-12 21:16:06,33.74,-116.41,118.4,11,1,9.17,clear sky,0,0
118,Kapaa,US,2020-07-12 21:16:06,22.08,-159.32,80.6,74,75,18.34,light rain,0,0
119,Kahului,US,2020-07-12 21:16:07,20.89,-156.47,89.6,43,40,25.28,scattered clouds,0,0
120,Aquiraz,BR,2020-07-12 21:16:07,-3.9,-38.39,78.8,74,59,9.17,light rain,0,0
121,Filadelfia,US,2020-07-12 21:11:59,39.95,-75.16,91.0,35,40,16.11,scattered clouds,0,0
122,Makakilo City,US,2020-07-12 21:14:27,21.35,-158.09,87.8,45,1,10.29,clear sky,0,0
123,Trairi,BR,2020-07-12 21:16:07,-3.28,-39.27,77.54,79,75,12.01,light rain,0,0
124,Barcelos,PT,2020-07-12 21:15:26,41.54,-8.62,82.0,50,0,6.93,clear sky,0,0
125,Svetlaya,RU,2020-07-12 21:16:08,46.54,138.33,59.02,83,81,2.01,broken clouds,0,0
126,Meulaboh,ID,2020-07-12 21:12:41,4.14,96.13,76.26,84,100,4.59,overcast clouds,0,0
127,Kaitangata,NZ,2020-07-12 21:15:19,-46.28,169.85,39.99,77,6,5.99,clear sky,0,0
128,Palmer,US,2020-07-12 21:13:05,42.16,-72.33,88.0,45,40,13.87,scattered clouds,0,0
129,Vaini,TO,2020-07-12 21:14:33,-21.2,-175.2,71.6,78,40,17.22,scattered clouds,0,0
130,Provideniya,RU,2020-07-12 21:14:52,64.38,-173.3,48.2,81,20,8.95,mist,0,0
131,Saint Anthony,US,2020-07-12 21:16:09,45.02,-93.22,84.2,37,20,6.93,few clouds,0,0
132,Namatanai,PG,2020-07-12 21:16:09,-3.67,152.43,75.92,90,100,8.95,moderate rain,0,0
133,Saint-Gaudens,FR,2020-07-12 21:16:10,43.08,0.67,66.2,93,80,3.36,light rain,0,0
134,Marfino,RU,2020-07-12 21:16:10,55.7,37.38,62.01,82,75,6.71,broken clouds,0,0
135,Flinders,AU,2020-07-12 21:15:08,-34.58,150.86,46.99,89,86,1.99,overcast clouds,0,0
136,Launceston,AU,2020-07-12 21:16:10,-41.45,147.17,39.0,93,0,6.93,clear sky,0,0
137,Charters Towers,AU,2020-07-12 21:15:25,-20.1,146.27,54.61,41,56,12.53,broken clouds,0,0
138,Koundara,GN,2020-07-12 21:16:10,12.48,-13.3,74.37,96,100,6.8,moderate rain,0,0
139,Rawson,AR,2020-07-12 21:16:11,-43.3,-65.1,43.52,57,0,21.3,clear sky,0,0
140,Ust-Tsilma,RU,2020-07-12 21:13:25,65.44,52.15,55.78,91,86,8.72,light rain,0,0
141,Pimentel,PE,2020-07-12 21:16:11,-6.84,-79.93,68.0,68,20,17.22,few clouds,0,0
142,Castro,BR,2020-07-12 21:16:11,-24.79,-50.01,62.22,74,4,7.76,clear sky,0,0
143,Saldanha,ZA,2020-07-12 21:16:11,-33.01,17.94,57.2,82,33,23.04,scattered clouds,0,0
144,Arrecife,ES,2020-07-12 21:16:11,28.96,-13.55,73.4,78,20,19.46,few clouds,0,0
145,Hamilton,US,2020-07-12 21:16:11,39.18,-84.53,84.0,54,75,8.05,broken clouds,0,0
146,Torbay,CA,2020-07-12 21:12:18,47.67,-52.73,63.0,77,75,14.99,broken clouds,0,0
147,Lasa,IT,2020-07-12 21:16:12,46.62,10.7,59.0,72,5,3.36,clear sky,0,0
148,Talnakh,RU,2020-07-12 21:12:33,69.49,88.4,53.6,93,75,11.18,broken clouds,0,0
149,Martapura,ID,2020-07-12 21:16:13,-3.42,114.85,72.97,97,71,1.16,light rain,0,0
150,Namibe,AO,2020-07-12 21:16:14,-15.2,12.15,63.03,81,1,6.53,clear sky,0,0
151,Serabu,SL,2020-07-12 21:16:14,7.8,-12.05,72.57,93,98,3.36,overcast clouds,0,0
152,Bengkulu,ID,2020-07-12 21:12:19,-3.8,102.27,74.35,90,51,3.74,broken clouds,0,0
153,Elblag,PL,2020-07-12 21:16:15,54.15,19.41,55.0,100,9,7.52,clear sky,0,0
154,Tiznit,MA,2020-07-12 21:16:15,29.58,-9.5,85.98,33,99,0.89,overcast clouds,0,0
155,Victoria,HK,2020-07-12 21:14:35,22.29,114.16,84.0,79,17,3.0,few clouds,0,0
156,Walvis Bay,NA,2020-07-12 21:12:37,-22.96,14.51,55.0,93,0,4.7,clear sky,0,0
157,Sisimiut,GL,2020-07-12 21:12:42,66.94,-53.67,52.92,57,78,14.76,broken clouds,0,0
158,Ahuimanu,US,2020-07-12 21:16:17,21.44,-157.84,84.2,61,20,16.11,few clouds,0,0
159,Cururupu,BR,2020-07-12 21:16:17,-1.83,-44.87,77.34,83,43,2.64,scattered clouds,0,0
160,Lazaro Cardenas,MX,2020-07-12 21:12:40,17.96,-102.2,86.23,68,96,9.98,light rain,0,0
161,Sitka,US,2020-07-12 21:12:30,57.05,-135.33,57.2,76,75,5.82,broken clouds,0,0
162,Xinzhi,CN,2020-07-12 21:16:18,36.5,111.7,68.7,71,62,2.57,broken clouds,0,0
163,Mangrol,IN,2020-07-12 21:16:18,21.12,70.12,83.08,81,67,15.35,light rain,0,0
164,Ferrol,ES,2020-07-12 21:12:33,43.48,-8.24,69.8,60,0,11.41,clear sky,0,0
165,East London,ZA,2020-07-12 21:16:18,-33.02,27.91,59.58,55,0,18.79,clear sky,0,0
166,Coahuayana,MX,2020-07-12 21:15:33,18.73,-103.68,82.4,74,75,9.17,broken clouds,0,0
167,Husavik,IS,2020-07-12 21:15:16,66.04,-17.34,53.6,87,90,5.82,light rain,0,0
168,Ahipara,NZ,2020-07-12 21:15:11,-35.17,173.17,57.76,87,24,6.82,light rain,0,0
169,Sampit,ID,2020-07-12 21:16:19,-2.53,112.95,72.73,98,100,2.44,overcast clouds,0,0
170,Tanete,ID,2020-07-12 21:16:19,-3.94,119.78,73.74,93,100,2.93,light rain,0,0
171,Vao,NC,2020-07-12 21:12:24,-22.67,167.48,71.67,80,67,20.24,broken clouds,0,0
172,Yarim,YE,2020-07-12 21:16:21,14.3,44.38,64.98,67,62,1.3,broken clouds,0,0
173,Kenai,US,2020-07-12 21:16:21,60.55,-151.26,55.4,93,90,6.93,overcast clouds,0,0
174,Cherskiy,RU,2020-07-12 21:16:21,68.75,161.3,52.54,93,100,3.27,overcast clouds,0,0
175,Dubti,ET,2020-07-12 21:16:21,11.74,41.09,95.86,24,44,2.55,scattered clouds,0,0
176,Vila Velha,BR,2020-07-12 21:16:22,-20.33,-40.29,75.99,73,38,12.75,scattered clouds,0,0
177,Healdsburg,US,2020-07-12 21:13:32,38.61,-122.87,100.0,24,1,11.41,clear sky,0,0
178,Siyabuswa,ZA,2020-07-12 21:16:22,-25.11,29.04,43.59,61,0,4.05,clear sky,0,0
179,Kulhudhuffushi,MV,2020-07-12 21:16:23,6.62,73.07,83.16,71,21,4.54,few clouds,0,0
180,Thunder Bay,CA,2020-07-12 21:14:51,48.4,-89.32,77.0,50,40,6.93,scattered clouds,0,0
181,Esperance,AU,2020-07-12 21:12:01,-33.87,121.9,50.0,57,0,20.8,clear sky,0,0
182,Constitucion,CL,2020-07-12 21:16:23,-35.33,-72.42,55.63,76,100,6.24,overcast clouds,0,0
183,Kidal,ML,2020-07-12 21:16:23,18.44,1.41,91.54,26,82,6.85,broken clouds,0,0
184,Darhan,MN,2020-07-12 21:16:24,49.49,105.92,59.34,84,31,1.39,scattered clouds,0,0
185,Ust-Kut,RU,2020-07-12 21:16:24,56.79,105.77,55.81,74,18,2.28,few clouds,0,0
186,Marsa Matruh,EG,2020-07-12 21:16:25,31.35,27.25,75.33,83,0,13.13,clear sky,0,0
187,Shimoda,JP,2020-07-12 21:16:25,34.67,138.95,63.0,95,100,11.16,overcast clouds,0,0
188,Labuhan,ID,2020-07-12 21:16:25,-6.88,112.21,75.38,86,79,7.09,broken clouds,0,0
189,Sao Felix Do Xingu,BR,2020-07-12 21:16:25,-6.64,-51.99,83.61,54,51,2.17,broken clouds,0,0
190,Hithadhoo,MV,2020-07-12 21:12:16,-0.6,73.08,85.28,69,87,7.78,overcast clouds,0,0
191,Lorengau,PG,2020-07-12 21:16:26,-2.02,147.27,81.52,75,99,2.44,overcast clouds,0,0
192,Fortuna,US,2020-07-12 21:16:26,40.6,-124.16,72.0,60,40,18.34,scattered clouds,0,0
193,Padang,ID,2020-07-12 21:14:47,-0.95,100.35,76.6,80,38,4.23,light rain,0,0
194,Alibag,IN,2020-07-12 21:16:26,18.64,72.88,78.8,100,75,3.36,light rain,0,0
195,Pisco,PE,2020-07-12 21:15:05,-13.7,-76.22,64.99,77,46,9.17,scattered clouds,0,0
196,Quatre Cocos,MU,2020-07-12 21:15:00,-20.21,57.76,71.6,78,40,13.87,scattered clouds,0,0
197,Bethel,US,2020-07-12 21:16:17,41.37,-73.41,88.0,51,1,9.17,clear sky,0,0
198,Praia Da Vitoria,PT,2020-07-12 21:15:08,38.73,-27.07,73.4,69,20,10.25,few clouds,0,0
199,Clyde River,CA,2020-07-12 21:16:27,70.47,-68.59,44.6,87,90,10.29,overcast clouds,0,0
200,Skreia,NO,2020-07-12 21:16:27,60.65,10.93,59.0,62,2,2.24,clear sky,0,0
201,Tilichiki,RU,2020-07-12 21:16:27,60.47,166.1,50.18,96,100,5.1,overcast clouds,0,0
202,Nantucket,US,2020-07-12 21:16:27,41.28,-70.1,80.01,78,1,14.99,clear sky,0,0
203,Parana,AR,2020-07-12 21:16:27,-31.73,-60.52,62.01,42,44,4.7,scattered clouds,0,0
204,Starokamyshinsk,RU,2020-07-12 21:16:30,55.06,61.6,64.4,63,0,5.32,clear sky,0,0
205,San Policarpo,PH,2020-07-12 21:12:33,12.18,125.51,78.44,85,100,5.14,light rain,0,0
206,Kamaishi,JP,2020-07-12 21:16:30,39.27,141.88,62.17,85,28,4.0,scattered clouds,0,0
207,Ubrique,ES,2020-07-12 21:16:31,36.68,-5.45,79.0,69,0,8.05,clear sky,0,0
208,Beringovskiy,RU,2020-07-12 21:16:31,63.05,179.32,50.54,82,99,10.29,overcast clouds,0,0
209,Aklavik,CA,2020-07-12 21:16:31,68.22,-135.01,60.8,44,75,10.29,broken clouds,0,0
210,Tautira,PF,2020-07-12 21:16:32,-17.73,-149.15,80.6,74,75,12.75,broken clouds,0,0
211,Nizhniy Kuranakh,RU,2020-07-12 21:16:32,58.84,125.49,73.76,63,21,1.57,few clouds,0,0
212,Ikongo,MG,2020-07-12 21:16:32,-21.88,47.43,63.01,88,27,3.02,scattered clouds,0,0
213,Kultuk,RU,2020-07-12 21:16:32,51.72,103.7,58.37,78,0,5.1,clear sky,0,0
214,Port Hawkesbury,CA,2020-07-12 21:13:54,45.62,-61.35,77.0,83,75,16.11,broken clouds,0,0
215,Nguru,NG,2020-07-12 21:16:34,12.88,10.45,85.17,55,39,7.47,scattered clouds,0,0
216,Salta,AR,2020-07-12 21:16:34,-24.79,-65.41,68.0,34,0,12.75,clear sky,0,0
217,Brandfort,ZA,2020-07-12 21:16:34,-28.7,26.46,32.0,59,0,9.6,clear sky,0,0
218,Bubaque,GW,2020-07-12 21:13:08,11.28,-15.83,78.93,86,100,16.55,light rain,0,0
219,Ocala,US,2020-07-12 21:16:20,29.19,-82.14,93.99,46,1,8.05,clear sky,0,0
220,Waipawa,NZ,2020-07-12 21:12:40,-41.41,175.52,48.0,85,95,1.99,overcast clouds,0,0
221,Tucurui,BR,2020-07-12 21:16:35,-3.77,-49.67,81.57,71,96,3.38,overcast clouds,0,0
222,Kirakira,SB,2020-07-12 21:16:35,-10.45,161.92,80.46,81,50,14.58,light rain,0,0
223,Carupano,VE,2020-07-12 21:16:35,10.67,-63.26,82.72,74,2,11.86,clear sky,0,0
224,Salalah,OM,2020-07-12 21:16:37,17.02,54.09,80.6,94,90,5.82,light intensity drizzle,0,0
225,Morgan City,US,2020-07-12 21:14:39,29.7,-91.21,95.0,70,40,11.41,scattered clouds,0,0
226,Vallenar,CL,2020-07-12 21:16:37,-28.57,-70.76,78.62,21,60,4.7,broken clouds,0,0
227,Lake Magdalene,US,2020-07-12 21:16:38,28.07,-82.47,95.0,59,75,13.87,broken clouds,0,0
228,Mandalgovi,MN,2020-07-12 21:16:38,45.76,106.27,63.79,59,3,1.72,clear sky,0,0
229,Galveston,US,2020-07-12 21:16:37,29.37,-94.97,97.0,70,1,19.46,clear sky,0,0
230,Namie,JP,2020-07-12 21:16:40,37.48,141.0,66.99,98,100,3.74,overcast clouds,0,0
231,Little Current,CA,2020-07-12 21:16:41,45.98,-81.92,72.0,60,90,10.29,overcast clouds,0,0
232,Jackson,US,2020-07-12 21:13:34,42.42,-122.83,84.99,28,1,9.17,clear sky,0,0
233,Kasongo-Lunda,CD,2020-07-12 21:16:41,-6.47,16.82,76.55,55,24,1.95,few clouds,0,0
234,Chikwawa,MW,2020-07-12 21:16:41,-16.03,34.8,68.63,71,56,8.48,broken clouds,0,0
235,Srednekolymsk,RU,2020-07-12 21:15:09,67.45,153.68,66.76,57,14,6.51,few clouds,0,0
236,Dikson,RU,2020-07-12 21:16:07,73.51,80.55,42.35,97,99,6.38,overcast clouds,0,0
237,Zafra,ES,2020-07-12 21:16:41,38.42,-6.42,89.01,30,0,11.01,clear sky,0,0
238,Hasaki,JP,2020-07-12 21:16:42,35.73,140.83,64.4,100,75,8.05,light intensity shower rain,0,0
239,Isiro,CD,2020-07-12 21:16:42,2.77,27.62,67.23,97,96,0.96,light rain,0,0
240,Shenjiamen,CN,2020-07-12 21:16:42,29.96,122.3,77.41,92,93,16.58,overcast clouds,0,0
241,Khatanga,RU,2020-07-12 21:12:19,71.97,102.5,54.72,77,100,14.74,overcast clouds,0,0
242,Pangody,RU,2020-07-12 21:16:42,65.85,74.49,55.04,86,100,1.5,light rain,0,0
243,Hay River,CA,2020-07-12 21:16:43,60.82,-115.8,64.4,72,75,3.36,shower rain,0,0
244,Inhambane,MZ,2020-07-12 21:15:04,-23.86,35.38,60.94,72,5,9.82,clear sky,0,0
245,Goderich,CA,2020-07-12 21:15:00,43.75,-81.72,73.0,76,100,16.13,overcast clouds,0,0
246,Puerto Cabezas,NI,2020-07-12 21:16:43,14.04,-83.39,80.6,94,75,4.7,thunderstorm with light rain,0,0
247,San Jose,US,2020-07-12 21:14:20,37.34,-121.89,97.0,22,5,8.05,clear sky,0,0
248,Faanui,PF,2020-07-12 21:16:43,-16.48,-151.75,79.16,73,100,16.04,overcast clouds,0,0
249,Thinadhoo,MV,2020-07-12 21:16:43,0.53,72.93,84.6,70,100,6.38,overcast clouds,0,0
250,Biloela,AU,2020-07-12 21:16:44,-24.42,150.5,52.32,69,97,7.72,overcast clouds,0,0
251,Marsh Harbour,BS,2020-07-12 21:16:44,26.54,-77.06,79.74,74,100,11.23,overcast clouds,0,0
252,Luxor,EG,2020-07-12 21:16:44,25.7,32.64,87.91,18,0,13.6,clear sky,0,0
253,Chernyshevsk,RU,2020-07-12 21:16:44,52.52,117.02,62.1,79,61,3.44,broken clouds,0,0
254,Zaozerne,UA,2020-07-12 21:16:44,45.16,33.28,75.76,60,0,11.52,clear sky,0,0
255,Tiksi,RU,2020-07-12 21:14:39,71.69,128.87,59.45,80,100,4.29,overcast clouds,0,0
256,Angoram,PG,2020-07-12 21:16:44,-4.06,144.07,73.83,98,100,1.54,overcast clouds,0,0
257,Klyuchi,RU,2020-07-12 21:16:46,52.27,79.17,65.01,90,45,8.3,scattered clouds,0,0
258,Ilulissat,GL,2020-07-12 21:12:44,69.22,-51.1,48.2,70,38,4.7,scattered clouds,0,0
259,Mount Gambier,AU,2020-07-12 21:16:46,-37.83,140.77,39.2,100,90,1.12,overcast clouds,0,0
260,Novo Aripuana,BR,2020-07-12 21:16:46,-5.12,-60.38,87.33,60,44,2.75,scattered clouds,0,0
261,Geraldton,AU,2020-07-12 21:12:13,-28.77,114.6,53.6,58,0,14.99,clear sky,0,0
262,Caxito,AO,2020-07-12 21:16:47,-8.58,13.66,69.8,83,26,5.82,scattered clouds,0,0
263,Yulara,AU,2020-07-12 21:15:01,-25.24,130.99,39.2,69,0,6.93,clear sky,0,0
264,Weiser,US,2020-07-12 21:16:06,44.25,-116.97,86.0,22,1,3.36,clear sky,0,0
265,Richards Bay,ZA,2020-07-12 21:16:47,-28.78,32.04,56.8,69,0,7.05,clear sky,0,0
266,Adrar,MR,2020-07-12 21:16:48,20.5,-10.07,96.4,28,31,7.43,scattered clouds,0,0
267,Quang Ngai,VN,2020-07-12 21:16:48,15.12,108.8,76.3,85,22,3.56,few clouds,0,0
268,Rocha,UY,2020-07-12 21:16:27,-34.48,-54.33,43.86,62,51,7.78,broken clouds,0,0
269,Corowa,AU,2020-07-12 21:16:49,-36.03,146.38,45.0,97,95,4.81,overcast clouds,0,0
270,Mar Del Plata,AR,2020-07-12 21:12:18,-38.0,-57.56,45.0,52,20,17.22,few clouds,0,0
271,Kwinana,AU,2020-07-12 21:16:50,-32.25,115.77,62.01,93,75,8.05,light intensity shower rain,0,0
272,Maragogi,BR,2020-07-12 21:14:02,-9.01,-35.22,74.79,80,11,8.08,few clouds,0,0
273,Yenagoa,NG,2020-07-12 21:16:50,4.92,6.26,74.77,93,98,3.49,overcast clouds,0,0
274,Zatoka,UA,2020-07-12 21:16:50,46.07,30.47,66.2,82,40,31.32,thunderstorm,0,0
275,Gacko,BA,2020-07-12 21:16:51,43.17,18.54,73.4,38,17,6.93,few clouds,0,0
276,Helong,CN,2020-07-12 21:16:51,42.54,129.0,58.37,89,100,1.72,overcast clouds,0,0
277,Sikasso,ML,2020-07-12 21:16:51,10.92,-7.0,76.53,86,0,3.47,clear sky,0,0
278,Nizwa,OM,2020-07-12 21:15:16,22.93,57.53,87.53,51,52,2.59,broken clouds,0,0
279,Eyl,SO,2020-07-12 21:16:51,7.98,49.82,82.65,64,41,27.6,scattered clouds,0,0
280,La Ronge,CA,2020-07-12 21:16:52,55.1,-105.28,75.2,50,90,12.75,overcast clouds,0,0
281,Preobrazheniye,RU,2020-07-12 21:16:52,42.9,133.91,60.76,86,93,4.56,overcast clouds,0,0
282,Sept-Iles,CA,2020-07-12 21:14:42,50.2,-66.38,72.0,83,90,5.82,overcast clouds,0,0
283,Lyngseidet,NO,2020-07-12 21:16:52,69.58,20.22,51.8,87,75,5.82,shower rain,0,0
284,Watsa,CD,2020-07-12 21:15:27,3.04,29.54,64.27,99,99,0.83,overcast clouds,0,0
285,Freeport,US,2020-07-12 21:14:22,40.66,-73.58,91.99,45,1,20.8,clear sky,0,0
286,Airai,TL,2020-07-12 21:12:12,-8.93,125.41,55.67,94,90,4.23,overcast clouds,0,0
287,Hami,CN,2020-07-12 21:16:53,42.8,93.45,75.56,36,45,9.01,scattered clouds,0,0
288,Tayu,ID,2020-07-12 21:16:54,-6.54,111.05,75.63,84,92,7.56,overcast clouds,0,0
289,Porto Seguro,BR,2020-07-12 21:13:10,-16.45,-39.06,71.6,88,40,2.24,scattered clouds,0,0
290,East Stroudsburg,US,2020-07-12 21:16:55,41.0,-75.18,79.0,68,52,1.01,broken clouds,0,0
291,Los Llanos De Aridane,ES,2020-07-12 21:14:36,28.66,-17.92,73.4,73,20,12.75,few clouds,0,0
292,Bilibino,RU,2020-07-12 21:16:38,68.05,166.44,62.17,75,77,0.94,light rain,0,0
293,Laguna,US,2020-07-12 21:16:55,38.42,-121.42,104.0,16,1,3.36,clear sky,0,0
294,San Andres,CO,2020-07-12 21:16:56,12.58,-81.7,87.8,70,75,9.17,broken clouds,0,0
295,Valdemarpils,LV,2020-07-12 21:16:56,57.37,22.59,51.8,100,28,3.36,scattered clouds,0,0
296,San Quintin,MX,2020-07-12 21:16:56,30.48,-115.95,79.47,52,0,12.57,light rain,0,0
297,Salinopolis,BR,2020-07-12 21:16:57,-0.61,-47.36,80.73,81,51,10.65,light rain,0,0
298,Grindavik,IS,2020-07-12 21:15:33,63.84,-22.43,50.0,93,75,4.7,broken clouds,0,0
299,Waw,SS,2020-07-12 21:16:57,7.7,28.0,71.51,95,100,2.17,overcast clouds,0,0
300,Haines Junction,CA,2020-07-12 21:15:14,60.75,-137.51,62.91,43,96,8.99,overcast clouds,0,0
301,Warkworth,NZ,2020-07-12 21:16:57,-36.4,174.67,55.0,96,94,1.99,overcast clouds,0,0
302,Vostok,RU,2020-07-12 21:12:24,46.49,135.88,58.68,94,89,1.7,overcast clouds,0,0
303,Mancio Lima,BR,2020-07-12 21:16:58,-7.61,-72.9,86.0,70,75,2.24,broken clouds,0,0
304,Gilbues,BR,2020-07-12 21:15:01,-9.83,-45.34,80.15,35,35,3.36,scattered clouds,0,0
305,Beloha,MG,2020-07-12 21:16:59,-25.17,45.05,66.88,76,50,7.29,scattered clouds,0,0
306,Ambilobe,MG,2020-07-12 21:16:59,-13.2,49.05,67.48,76,13,3.47,few clouds,0,0
307,Bandar-E Anzali,IR,2020-07-12 21:16:59,37.47,49.46,73.38,83,99,5.26,light rain,0,0
308,Solnechnyy,RU,2020-07-12 21:17:00,50.72,136.63,64.76,80,63,1.52,broken clouds,0,0
309,Leshukonskoye,RU,2020-07-12 21:17:00,64.9,45.76,48.29,97,47,4.94,scattered clouds,0,0
310,Riverton,US,2020-07-12 21:17:00,40.52,-111.94,97.0,16,1,13.87,clear sky,0,0
311,Laiyang,CN,2020-07-12 21:17:00,36.98,120.71,72.0,86,100,11.77,overcast clouds,0,0
312,Saint-Maximin-La-Sainte-Baume,FR,2020-07-12 21:17:01,43.45,5.86,72.0,86,95,2.37,overcast clouds,0,0
313,Bonthe,SL,2020-07-12 21:17:01,7.53,-12.51,76.82,82,81,8.75,broken clouds,0,0
314,Gijon,ES,2020-07-12 21:17:01,43.54,-5.66,68.0,88,20,6.93,few clouds,0,0
315,Nampula,MZ,2020-07-12 21:17:02,-15.12,39.27,62.4,99,4,3.83,clear sky,0,0
316,Mahabaleshwar,IN,2020-07-12 21:17:03,17.92,73.67,62.62,100,100,5.12,overcast clouds,0,0
317,Mayo,US,2020-07-12 21:17:03,38.89,-76.51,89.01,55,75,11.41,broken clouds,0,0
318,Mareeba,AU,2020-07-12 21:17:04,-17.0,145.43,69.01,89,75,3.0,broken clouds,0,0
319,Lagoa,PT,2020-07-12 21:12:15,39.05,-27.98,68.83,78,0,16.42,clear sky,0,0
320,Sao Gabriel Da Cachoeira,BR,2020-07-12 21:17:05,-0.13,-67.09,80.89,92,100,0.98,light rain,0,0
321,Chilca,PE,2020-07-12 21:17:05,-12.52,-76.74,62.6,77,90,5.82,overcast clouds,0,0
322,Muros,ES,2020-07-12 21:15:10,42.78,-9.06,72.0,67,0,5.01,clear sky,0,0
323,Paragominas,BR,2020-07-12 21:17:05,-2.97,-47.48,79.99,70,92,2.48,overcast clouds,0,0
324,Kafanchan,NG,2020-07-12 21:17:06,9.58,8.3,68.99,95,94,1.66,light rain,0,0
325,Vardo,NO,2020-07-12 21:12:28,70.37,31.11,46.4,81,75,8.05,broken clouds,0,0
326,Melilla,ES,2020-07-12 21:12:36,35.29,-2.94,77.0,88,46,8.05,thunderstorm,0,0
327,Nokaneng,BW,2020-07-12 21:17:06,-19.67,22.27,48.34,41,0,5.5,clear sky,0,0
328,Ponta Delgada,PT,2020-07-12 21:16:58,37.73,-25.67,69.8,68,75,8.05,broken clouds,0,0
329,Ribeira Grande,PT,2020-07-12 21:16:44,38.52,-28.7,71.6,78,20,13.87,few clouds,0,0
330,Port Lincoln,AU,2020-07-12 21:16:31,-34.73,135.87,51.75,81,5,2.71,clear sky,0,0
331,Campbell River,CA,2020-07-12 21:15:28,50.02,-125.24,63.0,67,75,5.82,light intensity shower rain,0,0
332,San Juan Bautista,PE,2020-07-12 21:17:07,-14.01,-75.74,64.4,77,0,9.17,clear sky,0,0
333,Alta Floresta,BR,2020-07-12 21:17:07,-9.88,-56.09,95.0,32,20,2.24,few clouds,0,0
334,Iki-Burul,RU,2020-07-12 21:17:08,45.82,44.65,80.01,34,99,8.95,overcast clouds,0,0
335,Phan Thiet,VN,2020-07-12 21:17:08,10.93,108.1,77.25,86,100,3.18,overcast clouds,0,0
336,Resistencia,AR,2020-07-12 21:17:08,-27.46,-58.98,68.0,64,100,8.05,overcast clouds,0,0
337,Neftekamsk,RU,2020-07-12 21:17:08,56.09,54.27,61.61,81,0,0.87,clear sky,0,0
338,Polyarnyy,RU,2020-07-12 21:17:08,69.2,33.45,46.4,93,90,4.47,overcast clouds,0,0
339,Linxia,CN,2020-07-12 21:17:09,35.6,103.21,56.82,73,39,2.55,scattered clouds,0,0
340,Keflavik,IS,2020-07-12 21:17:09,64.0,-22.56,50.0,93,75,4.7,broken clouds,0,0
341,Medea,DZ,2020-07-12 21:17:09,36.26,2.75,77.0,83,75,13.87,broken clouds,0,0
342,Sao Jose Da Coroa Grande,BR,2020-07-12 21:17:09,-8.9,-35.15,75.4,79,14,8.46,few clouds,0,0
343,Coquimbo,CL,2020-07-12 21:14:43,-29.95,-71.34,59.0,72,59,9.17,broken clouds,0,0
344,Kamenka,RU,2020-07-12 21:17:10,51.32,42.77,71.01,68,47,4.0,scattered clouds,0,0
345,Sheridan,US,2020-07-12 21:17:10,44.83,-106.92,100.4,6,1,5.82,clear sky,0,0
346,Solano,US,2020-07-12 21:17:10,38.23,-121.95,102.99,11,1,9.17,clear sky,0,0
347,Anamur,TR,2020-07-12 21:17:10,36.08,32.84,75.2,94,0,2.24,clear sky,0,0
348,Kargat,RU,2020-07-12 21:17:12,55.2,80.28,56.46,95,0,7.74,clear sky,0,0
349,Qasigiannguit,GL,2020-07-12 21:17:12,68.82,-51.19,48.2,70,58,4.7,broken clouds,0,0
350,Rabo De Peixe,PT,2020-07-12 21:17:12,37.8,-25.58,69.8,68,75,8.05,broken clouds,0,0
351,Nuuk,GL,2020-07-12 21:17:12,64.18,-51.72,51.01,66,17,5.01,few clouds,0,0
352,West Wendover,US,2020-07-12 21:17:13,40.74,-114.07,96.8,7,1,10.29,clear sky,0,0
353,Batemans Bay,AU,2020-07-12 21:17:13,-35.72,150.18,52.0,94,98,1.01,light rain,0,0
354,Mitsamiouli,KM,2020-07-12 21:17:13,-11.38,43.28,77.52,73,0,4.94,clear sky,0,0
355,Shestakovo,RU,2020-07-12 21:17:13,56.49,103.96,53.04,81,0,2.95,clear sky,0,0
356,Kanalion,GR,2020-07-12 21:17:14,39.61,19.89,78.8,61,0,10.74,clear sky,0,0
357,Berezayka,RU,2020-07-12 21:17:14,57.99,33.9,51.51,93,100,4.34,overcast clouds,0,0
358,Islamkot,PK,2020-07-12 21:17:14,24.7,70.18,85.19,70,59,16.51,broken clouds,0,0
359,Araouane,ML,2020-07-12 21:17:15,18.9,-3.53,100.17,21,0,5.06,clear sky,0,0
360,San Vicente,AR,2020-07-12 21:17:15,-26.62,-54.13,63.84,89,2,2.24,clear sky,0,0
361,Bathsheba,BB,2020-07-12 21:16:55,13.22,-59.52,84.2,74,40,17.22,scattered clouds,0,0
362,Kovur,IN,2020-07-12 21:17:15,14.48,79.98,85.19,67,100,8.93,moderate rain,0,0
363,Cabo San Lucas,MX,2020-07-12 21:14:33,22.89,-109.91,93.2,46,40,9.17,scattered clouds,0,0
364,Nome,US,2020-07-12 21:15:08,64.5,-165.41,64.99,67,1,4.7,clear sky,0,0
365,Cam Ranh,VN,2020-07-12 21:16:24,11.92,109.16,80.6,88,20,5.03,few clouds,0,0
366,Sombrerete,MX,2020-07-12 21:17:16,23.63,-103.65,78.57,25,28,11.77,scattered clouds,0,0
367,Creston,US,2020-07-12 21:17:16,41.06,-94.36,82.4,51,40,6.93,scattered clouds,0,0
368,Anadyr,RU,2020-07-12 21:17:16,64.75,177.48,55.4,76,20,4.47,light rain,0,0
369,Marawi,PH,2020-07-12 21:17:16,8.0,124.29,73.0,91,100,5.99,overcast clouds,0,0
370,Dulovo,BG,2020-07-12 21:17:16,43.82,27.15,68.0,53,11,1.99,few clouds,0,0
371,Svetlogorsk,BY,2020-07-12 21:16:27,52.63,29.73,52.97,95,100,9.46,light rain,0,0
372,Shetpe,KZ,2020-07-12 21:17:17,44.17,52.12,84.42,17,0,15.97,clear sky,0,0
373,Pahrump,US,2020-07-12 21:14:31,36.21,-115.98,113.0,12,31,5.01,scattered clouds,0,0
374,Isangel,VU,2020-07-12 21:16:47,-19.55,169.27,73.4,78,20,11.41,few clouds,0,0
375,Rumford,US,2020-07-12 21:14:40,44.55,-70.55,80.01,80,5,3.0,clear sky,0,0
376,Whitehorse,CA,2020-07-12 21:12:56,60.72,-135.05,64.0,62,75,2.24,broken clouds,0,0
377,Miandrivazo,MG,2020-07-12 21:17:18,-19.52,45.47,70.88,62,53,0.67,broken clouds,0,0
378,Neryungri,RU,2020-07-12 21:16:07,56.67,124.65,71.82,62,31,1.9,scattered clouds,0,0
379,Kadaya,RU,2020-07-12 21:17:18,50.93,119.29,61.65,86,100,1.79,light rain,0,0
380,Iranshahr,IR,2020-07-12 21:17:13,27.2,60.68,95.0,16,0,6.93,clear sky,0,0
381,Poum,NC,2020-07-12 21:17:19,-20.23,164.02,71.04,77,0,10.45,clear sky,0,0
382,Los Algarrobos,PA,2020-07-12 21:14:36,8.5,-82.43,84.2,70,40,9.17,scattered clouds,0,0
383,Kruisfontein,ZA,2020-07-12 21:17:17,-34.0,24.73,55.33,36,0,10.16,clear sky,0,0
384,Ancud,CL,2020-07-12 21:15:40,-41.87,-73.82,43.0,75,75,6.93,broken clouds,0,0
385,Matara,LK,2020-07-12 21:17:19,5.95,80.54,79.09,87,88,8.79,overcast clouds,0,0
386,Caravelas,BR,2020-07-12 21:17:20,-17.71,-39.25,71.74,80,60,4.29,broken clouds,0,0
387,Coihaique,CL,2020-07-12 21:17:20,-45.58,-72.07,37.4,64,20,4.7,few clouds,0,0
388,Broome,US,2020-07-12 21:14:28,42.25,-75.83,82.99,42,40,5.82,scattered clouds,0,0
389,Polonne,UA,2020-07-12 21:17:21,50.12,27.51,51.44,93,100,9.89,overcast clouds,0,0
390,Long Beach,US,2020-07-12 21:12:29,33.77,-118.19,84.99,35,1,9.17,clear sky,0,0
391,Koungou,YT,2020-07-12 21:17:21,-12.73,45.2,75.2,78,0,5.82,clear sky,0,0
392,Solenzo,BF,2020-07-12 21:17:21,12.18,-4.08,82.87,66,33,4.0,light rain,0,0
393,Souillac,MU,2020-07-12 21:14:57,-20.52,57.52,71.6,78,40,13.87,scattered clouds,0,0
394,Touros,BR,2020-07-12 21:12:22,-5.2,-35.46,75.2,83,23,5.82,few clouds,0,0
395,Yar-Sale,RU,2020-07-12 21:17:21,66.83,70.83,52.84,94,100,12.48,light rain,0,0
396,Bonavista,CA,2020-07-12 21:17:22,48.65,-53.11,62.01,80,94,10.0,overcast clouds,0,0
397,Benguela,AO,2020-07-12 21:17:22,-12.58,13.41,71.85,77,94,4.72,overcast clouds,0,0
398,Champerico,GT,2020-07-12 21:17:22,14.3,-91.92,87.8,70,75,11.41,thunderstorm,0,0
399,Mandera,KE,2020-07-12 21:17:22,3.94,41.87,80.76,62,62,19.84,broken clouds,0,0
400,Teguise,ES,2020-07-12 21:17:22,29.06,-13.56,73.4,78,20,19.46,few clouds,0,0
401,Okhotsk,RU,2020-07-12 21:17:23,59.38,143.3,64.36,61,0,3.87,clear sky,0,0
402,Pizarro,CO,2020-07-12 21:16:03,4.95,-77.37,81.45,77,72,8.81,broken clouds,0,0
403,Mahanoro,MG,2020-07-12 21:17:24,-19.9,48.8,66.97,89,42,3.78,scattered clouds,0,0
404,Labelle,US,2020-07-12 21:17:24,26.76,-81.44,84.0,88,1,6.93,clear sky,0,0
405,Leningradskiy,RU,2020-07-12 21:12:40,69.38,178.42,43.11,71,23,10.13,few clouds,0,0
406,Pangnirtung,CA,2020-07-12 21:17:18,66.15,-65.71,50.0,81,75,13.87,shower rain,0,0
407,Porbandar,IN,2020-07-12 21:17:25,21.64,69.61,83.39,82,100,16.6,light rain,0,0
408,Abu Kamal,SY,2020-07-12 21:17:01,34.45,40.92,89.6,25,3,13.76,clear sky,0,0
409,Port Blair,IN,2020-07-12 21:17:25,11.67,92.75,81.91,80,100,13.11,overcast clouds,0,0
410,Sibu,MY,2020-07-12 21:17:25,2.3,111.82,77.0,94,20,2.24,few clouds,0,0
411,Lidkoping,SE,2020-07-12 21:13:14,58.51,13.16,57.0,100,0,9.17,light rain,0,0
412,Imbituba,BR,2020-07-12 21:17:25,-28.24,-48.67,68.0,82,40,8.05,scattered clouds,0,0
413,Ust-Nera,RU,2020-07-12 21:12:42,64.57,143.2,70.57,47,100,6.73,overcast clouds,0,0
414,Hofn,IS,2020-07-12 21:12:47,64.25,-15.21,52.12,93,100,4.99,light rain,0,0
415,Neyshabur,IR,2020-07-12 21:17:26,36.21,58.8,73.31,25,8,3.58,clear sky,0,0
416,Zhigansk,RU,2020-07-12 21:17:26,66.77,123.37,65.07,61,63,2.51,broken clouds,0,0
417,Qostanay,KZ,2020-07-12 21:17:15,53.17,63.58,64.4,63,0,2.24,clear sky,0,0
418,Sola,VU,2020-07-12 21:17:26,-13.88,167.55,80.42,80,14,27.96,light rain,0,0
419,Gizo,SB,2020-07-12 21:17:26,-8.1,156.84,82.8,78,90,13.29,moderate rain,0,0
420,Gopalpur,IN,2020-07-12 21:17:27,19.27,84.92,84.78,78,100,6.96,overcast clouds,0,0
421,Shubarshi,KZ,2020-07-12 21:17:27,48.59,57.19,85.24,34,47,4.9,scattered clouds,0,0
422,Port Macquarie,AU,2020-07-12 21:17:27,-31.43,152.92,42.8,100,0,3.36,clear sky,0,0
423,Tual,ID,2020-07-12 21:17:13,-5.67,132.75,79.07,81,57,22.91,broken clouds,0,0
424,Nelson Bay,AU,2020-07-12 21:16:46,-32.72,152.15,46.99,100,90,6.93,overcast clouds,0,0
425,Tahta,EG,2020-07-12 21:17:28,26.77,31.5,82.02,22,0,7.23,clear sky,0,0
426,Nanortalik,GL,2020-07-12 21:12:49,60.14,-45.24,47.5,87,100,9.8,light rain,0,0
427,Bardiyah,LY,2020-07-12 21:17:28,31.76,25.09,73.94,86,0,14.85,clear sky,0,0
428,Barsovo,RU,2020-07-12 21:17:28,61.17,73.17,59.0,100,78,4.47,broken clouds,0,0
429,Dunedin,NZ,2020-07-12 21:13:01,-45.87,170.5,42.01,78,0,4.0,clear sky,0,0
430,Kosmynino,RU,2020-07-12 21:17:29,57.58,40.76,59.0,87,46,6.71,scattered clouds,0,0
431,Imperatriz,BR,2020-07-12 21:17:30,-5.53,-47.49,93.2,41,91,3.36,overcast clouds,0,0
432,Kununurra,AU,2020-07-12 21:17:30,-15.77,128.73,68.0,30,99,10.29,overcast clouds,0,0
433,Nanakuli,US,2020-07-12 21:17:05,21.39,-158.15,87.8,45,1,10.29,clear sky,0,0
434,Nemuro,JP,2020-07-12 21:17:30,43.32,145.57,54.93,93,95,7.02,overcast clouds,0,0
435,Nouadhibou,MR,2020-07-12 21:17:30,20.93,-17.03,73.4,78,0,10.29,clear sky,0,0
436,Keti Bandar,PK,2020-07-12 21:17:30,24.14,67.45,84.52,76,73,17.94,broken clouds,0,0
437,Warrnambool,AU,2020-07-12 21:17:30,-38.38,142.48,46.0,96,1,3.85,clear sky,0,0
438,Melrose,US,2020-07-12 21:17:30,42.46,-71.07,90.0,45,40,12.75,scattered clouds,0,0
439,Nenagh,IE,2020-07-12 21:17:31,52.86,-8.2,60.01,93,75,11.41,light rain,0,0
440,Staryy Nadym,RU,2020-07-12 21:17:32,65.61,72.68,56.21,88,100,8.43,light rain,0,0
441,Pacific Grove,US,2020-07-12 21:16:00,36.62,-121.92,80.01,60,1,6.93,clear sky,0,0
442,Alice Springs,AU,2020-07-12 21:14:17,-23.7,133.88,35.6,80,0,2.24,clear sky,0,0
443,Bereda,ES,2020-07-12 21:17:32,43.27,-7.54,64.0,93,0,8.99,clear sky,0,0
444,Moerai,PF,2020-07-12 21:17:32,-22.43,-151.33,74.7,76,69,4.94,broken clouds,0,0
445,Serebryansk,KZ,2020-07-12 21:17:33,49.69,83.29,51.8,93,20,4.47,few clouds,0,0
446,Sini,IN,2020-07-12 21:17:34,22.8,85.97,80.4,85,92,5.79,overcast clouds,0,0
447,Lima Duarte,BR,2020-07-12 21:17:34,-21.84,-43.79,66.02,65,47,4.56,scattered clouds,0,0
448,Caruray,PH,2020-07-12 21:17:34,10.31,119.01,79.66,81,100,3.49,overcast clouds,0,0
449,Naze,JP,2020-07-12 21:17:34,28.37,129.48,80.6,94,20,3.36,few clouds,0,0
450,Nizhniy Tsasuchey,RU,2020-07-12 21:17:34,50.52,115.13,64.94,83,91,8.21,overcast clouds,0,0
451,Tuatapere,NZ,2020-07-12 21:17:34,-46.13,167.68,39.0,83,72,3.0,broken clouds,0,0
452,Edson,CA,2020-07-12 21:17:35,53.58,-116.44,64.4,34,75,5.82,broken clouds,0,0
453,Tigil,RU,2020-07-12 21:14:55,57.8,158.67,58.71,80,97,1.95,overcast clouds,0,0
454,Port Hardy,CA,2020-07-12 21:13:22,50.7,-127.42,55.4,93,75,5.82,light intensity shower rain,0,0
455,Great Yarmouth,GB,2020-07-12 21:17:35,52.61,1.73,60.01,83,30,4.0,scattered clouds,0,0
456,Evensk,RU,2020-07-12 21:17:35,61.95,159.23,61.75,79,50,0.56,scattered clouds,0,0
457,Fort Payne,US,2020-07-12 21:17:36,34.44,-85.72,75.2,83,1,9.17,clear sky,0,0
458,Taikang,CN,2020-07-12 21:17:37,46.83,124.42,69.93,73,99,2.37,overcast clouds,0,0
459,Pontianak,ID,2020-07-12 21:17:37,-0.03,109.33,74.98,93,100,3.15,overcast clouds,0,0
460,Semirom,IR,2020-07-12 21:17:37,31.42,51.57,59.2,34,31,2.26,scattered clouds,0,0
461,Santeramo In Colle,IT,2020-07-12 21:17:37,40.79,16.76,73.99,64,5,12.75,clear sky,0,0
462,Den Helder,NL,2020-07-12 21:17:37,52.96,4.76,64.99,87,40,2.24,scattered clouds,0,0
463,Ganta,LR,2020-07-12 21:17:37,7.3,-8.53,71.51,93,82,2.08,light rain,0,0
464,Saravena,CO,2020-07-12 21:17:37,6.95,-71.88,74.86,91,100,1.72,light rain,0,0
465,Bowen,AU,2020-07-12 21:17:38,-20.02,148.23,66.0,82,100,6.93,overcast clouds,0,0
466,Portland,US,2020-07-12 21:16:20,45.52,-122.68,73.99,53,75,5.82,broken clouds,0,0
467,Klaksvik,FO,2020-07-12 21:17:38,62.23,-6.59,51.8,87,100,13.87,overcast clouds,0,0
468,Harindanga,IN,2020-07-12 21:17:38,22.04,88.32,80.6,94,90,5.82,light rain,0,0
469,Russell,US,2020-07-12 21:16:40,32.35,-85.2,93.2,49,40,5.82,scattered clouds,0,0
470,Vigia,BR,2020-07-12 21:17:38,-0.86,-48.14,86.0,70,20,5.82,few clouds,0,0
471,Kalmunai,LK,2020-07-12 21:17:39,7.42,81.82,81.88,78,100,5.28,overcast clouds,0,0
472,Qianguo,CN,2020-07-12 21:17:39,45.12,124.86,68.38,81,92,5.41,overcast clouds,0,0
473,Ajdabiya,LY,2020-07-12 21:17:39,30.76,20.23,73.69,80,0,12.44,clear sky,0,0
474,Alyangula,AU,2020-07-12 21:17:39,-13.85,136.42,71.6,53,86,5.82,overcast clouds,0,0
475,Moron,AR,2020-07-12 21:17:39,-34.65,-58.62,55.0,31,89,1.99,overcast clouds,0,0
476,Sistranda,NO,2020-07-12 21:17:39,63.73,8.83,51.8,81,75,14.99,shower rain,0,0
477,Vanimo,PG,2020-07-12 21:16:08,-2.67,141.3,77.9,83,100,1.41,light rain,0,0
478,Fort-Shevchenko,KZ,2020-07-12 21:17:40,44.51,50.26,87.58,28,0,21.07,clear sky,0,0
479,Hualmay,PE,2020-07-12 21:17:40,-11.1,-77.61,66.0,68,7,7.31,clear sky,0,0
480,Vanavara,RU,2020-07-12 21:17:40,60.34,102.28,53.91,86,9,2.53,clear sky,0,0
481,Stellenbosch,ZA,2020-07-12 21:17:40,-33.93,18.87,57.2,76,75,29.97,broken clouds,0,0
482,Nakskov,DK,2020-07-12 21:17:40,54.84,11.13,59.0,82,11,10.0,few clouds,0,0
483,Khash,IR,2020-07-12 21:17:41,28.22,61.22,68.38,28,0,1.86,clear sky,0,0
484,Axim,GH,2020-07-12 21:16:39,4.87,-2.24,74.59,89,45,7.45,scattered clouds,0,0
485,Plettenberg Bay,ZA,2020-07-12 21:17:41,-34.05,23.37,64.44,30,0,13.56,clear sky,0,0
486,Kamloops,CA,2020-07-12 21:17:41,50.67,-120.32,57.2,76,75,2.24,light intensity shower rain,0,0
487,Henties Bay,NA,2020-07-12 21:17:41,-22.12,14.28,55.0,92,0,1.99,clear sky,0,0
488,Lakheri,IN,2020-07-12 21:17:41,25.67,76.17,80.53,70,100,10.8,overcast clouds,0,0
489,Rio Grande,BR,2020-07-12 21:17:41,-32.03,-52.1,53.6,87,40,4.7,scattered clouds,0,0
490,College,US,2020-07-12 21:16:17,64.86,-147.8,66.99,45,75,4.7,broken clouds,0,0
491,Belmonte,BR,2020-07-12 21:17:00,-15.86,-38.88,71.6,88,40,2.24,scattered clouds,0,0
492,Soe,ID,2020-07-12 21:17:42,-9.86,124.28,63.28,100,81,5.93,broken clouds,0,0
493,Elk River,US,2020-07-12 21:16:36,45.3,-93.57,84.99,45,5,5.53,clear sky,0,0
494,Aswan,EG,2020-07-12 21:17:24,24.09,32.91,88.12,19,43,13.15,scattered clouds,0,0
495,Maniitsoq,GL,2020-07-12 21:17:42,65.42,-52.9,48.65,71,99,14.9,overcast clouds,0,0
496,Pedernales,DO,2020-07-12 21:17:42,18.04,-71.74,93.2,52,40,16.11,scattered clouds,0,0
497,Sinnar,SD,2020-07-12 21:17:43,13.57,33.57,78.84,70,100,23.33,overcast clouds,0,0
498,Iglesias,IT,2020-07-12 21:17:43,39.31,8.54,77.0,61,32,12.75,scattered clouds,0,0
499,Xam Nua,LA,2020-07-12 21:17:43,20.42,104.04,64.26,91,100,1.95,overcast clouds,0,0
500,Muisne,EC,2020-07-12 21:17:43,0.6,-80.03,76.39,87,95,9.86,overcast clouds,0,0
501,Tynda,RU,2020-07-12 21:17:43,55.17,124.72,68.59,73,44,0.45,scattered clouds,0,0
502,Kysyl-Syr,RU,2020-07-12 21:17:44,63.9,122.76,68.09,63,32,1.23,scattered clouds,0,0
503,Lavrentiya,RU,2020-07-12 21:17:44,65.58,-171.0,45.97,75,5,5.17,clear sky,0,0
504,Lumberton,US,2020-07-12 21:15:01,34.62,-79.01,93.2,44,1,6.93,clear sky,0,0
505,Osakarovka,KZ,2020-07-12 21:17:44,50.56,72.57,62.31,82,12,7.52,few clouds,0,0
506,Irbeyskoye,RU,2020-07-12 21:17:44,55.64,95.45,54.32,85,59,4.07,broken clouds,0,0
507,Matamoros,MX,2020-07-12 21:17:44,25.53,-103.25,96.8,16,20,6.93,few clouds,0,0
508,Taltal,CL,2020-07-12 21:17:45,-25.4,-70.48,61.41,66,22,4.41,few clouds,0,0
509,Sawakin,SD,2020-07-12 21:17:45,19.11,37.33,84.45,52,24,3.13,few clouds,0,0
510,Okazaki,JP,2020-07-12 21:17:45,34.95,137.17,69.8,83,75,3.36,broken clouds,0,0
511,Opuwo,NA,2020-07-12 21:15:41,-18.06,13.84,54.64,41,0,5.44,clear sky,0,0
512,Natal,BR,2020-07-12 21:13:10,-5.79,-35.21,80.6,65,20,11.41,few clouds,0,0
513,Tyulgan,RU,2020-07-12 21:17:45,52.34,56.17,71.11,77,91,3.2,overcast clouds,0,0
514,North Bend,US,2020-07-12 21:16:13,43.41,-124.22,77.0,77,20,19.46,few clouds,0,0
515,Broken Hill,AU,2020-07-12 21:17:46,-31.95,141.43,41.0,93,75,9.17,broken clouds,0,0
516,Nhulunbuy,AU,2020-07-12 21:17:46,-12.23,136.77,75.2,60,99,16.11,overcast clouds,0,0
517,Yeppoon,AU,2020-07-12 21:17:46,-23.13,150.73,59.0,77,84,8.05,broken clouds,0,0
518,Catamarca,AR,2020-07-12 21:17:46,-28.47,-65.79,72.0,55,71,0.16,broken clouds,0,0
519,Asyut,EG,2020-07-12 21:17:46,27.18,31.18,84.78,21,0,11.79,clear sky,0,0
520,Malm,NO,2020-07-12 21:17:46,64.07,11.22,52.0,87,75,3.36,light intensity shower rain,0,0
521,Kuminskiy,RU,2020-07-12 21:17:46,58.67,66.57,63.32,74,45,6.38,scattered clouds,0,0
522,Salym,RU,2020-07-12 21:17:46,60.06,71.48,57.63,67,19,5.75,few clouds,0,0
523,Batken,KG,2020-07-12 21:17:47,39.83,71.0,55.94,58,42,5.06,scattered clouds,0,0
524,Snyder,US,2020-07-12 21:17:47,32.72,-100.92,104.0,17,1,13.87,clear sky,0,0
525,Xunchang,CN,2020-07-12 21:17:47,28.45,104.72,73.35,88,100,2.46,overcast clouds,0,0
526,Vilcun,CL,2020-07-12 21:17:47,-38.65,-72.23,44.6,100,90,5.82,light intensity shower rain,0,0
527,Avera,US,2020-07-12 21:17:47,33.19,-82.53,93.99,46,1,5.82,clear sky,0,0
528,Tsabong,BW,2020-07-12 21:17:47,-26.02,22.4,48.85,41,0,11.9,clear sky,0,0
529,Tagusao,PH,2020-07-12 21:17:48,9.19,117.81,79.74,80,100,3.96,overcast clouds,0,0
530,Valparaiso,CL,2020-07-12 21:17:48,-33.04,-71.63,73.4,48,100,11.41,overcast clouds,0,0
531,Port Augusta,AU,2020-07-12 21:17:48,-32.5,137.77,44.6,93,90,4.05,overcast clouds,0,0
532,Ivanava,BY,2020-07-12 21:17:48,52.15,25.54,51.28,93,0,7.45,clear sky,0,0
533,Guarapari,BR,2020-07-12 21:17:48,-20.67,-40.5,75.99,72,8,13.91,clear sky,0,0
534,San Miguelito,PA,2020-07-12 21:17:48,9.03,-79.5,86.0,83,20,2.24,shower rain,0,0
535,Pingliang,CN,2020-07-12 21:17:48,35.54,106.69,59.65,85,0,3.24,clear sky,0,0
536,Artigas,UY,2020-07-12 21:17:48,-30.4,-56.47,53.1,66,3,6.15,clear sky,0,0
537,Borogontsy,RU,2020-07-12 21:17:49,62.67,131.17,70.79,88,2,2.19,clear sky,0,0
538,Ust-Karsk,RU,2020-07-12 21:17:49,52.7,118.81,65.16,61,11,0.96,few clouds,0,0
539,Antropovo,RU,2020-07-12 21:17:49,58.4,43.01,56.8,83,80,5.03,broken clouds,0,0
540,Taksimo,RU,2020-07-12 21:17:50,56.34,114.88,65.98,70,66,1.5,broken clouds,0,0
541,Fairbanks,US,2020-07-12 21:14:47,64.84,-147.72,68.0,42,1,4.25,clear sky,0,0
542,Huarmey,PE,2020-07-12 21:17:32,-10.07,-78.15,67.3,68,23,8.16,few clouds,0,0
543,Dingle,PH,2020-07-12 21:15:07,11.0,122.67,76.24,90,85,2.59,light rain,0,0
544,Hambantota,LK,2020-07-12 21:17:51,6.12,81.12,80.65,80,96,16.87,overcast clouds,0,0
545,Camacha,PT,2020-07-12 21:17:51,33.08,-16.33,68.0,77,40,14.99,scattered clouds,0,0
546,Buchanan,LR,2020-07-12 21:17:51,5.88,-10.05,77.0,94,75,3.36,broken clouds,0,0
547,Pomerode,BR,2020-07-12 21:17:51,-26.74,-49.18,70.0,1,5,3.74,clear sky,0,0
548,Zabid,YE,2020-07-12 21:17:51,14.2,43.32,90.18,49,65,7.99,broken clouds,0,0
549,Colares,PT,2020-07-12 21:17:52,38.8,-9.45,75.99,57,0,12.75,clear sky,0,0
550,Vawkavysk,BY,2020-07-12 21:17:52,53.16,24.45,49.86,89,0,6.42,clear sky,0,0
551,Calvinia,ZA,2020-07-12 21:17:52,-31.47,19.78,48.13,50,0,13.73,clear sky,0,0
552,Lardos,GR,2020-07-12 21:17:52,36.09,28.02,78.8,69,0,12.75,clear sky,0,0
553,Pimenta Bueno,BR,2020-07-12 21:17:52,-11.67,-61.19,88.57,45,1,3.56,clear sky,0,0
554,Benito Juarez,MX,2020-07-12 21:13:15,19.39,-99.17,78.8,29,40,6.93,scattered clouds,0,0
555,Zyryanka,RU,2020-07-12 21:17:53,65.75,150.85,70.54,46,100,2.59,overcast clouds,0,0
556,Amahai,ID,2020-07-12 21:17:53,-3.33,128.92,76.71,88,73,8.16,moderate rain,0,0
557,San Jeronimo,PE,2020-07-12 21:17:53,-11.95,-75.28,63.01,37,12,7.0,few clouds,0,0
558,Jumla,NP,2020-07-12 21:17:53,29.27,82.18,59.2,69,41,2.73,scattered clouds,0,0
559,Cap Malheureux,MU,2020-07-12 21:17:53,-19.98,57.61,71.01,74,7,7.0,light rain,0,0
560,Nancha,CN,2020-07-12 21:17:53,47.13,129.27,66.29,92,0,0.18,clear sky,0,0
561,Kazachinskoye,RU,2020-07-12 21:17:54,57.7,93.28,52.61,91,0,1.88,clear sky,0,0
562,Hudson Bay,CA,2020-07-12 21:17:54,52.85,-102.38,79.34,50,100,8.55,overcast clouds,0,0
563,Macheng,CN,2020-07-12 21:15:04,31.18,115.03,70.65,90,100,4.99,light rain,0,0
564,Clarence Town,AU,2020-07-12 21:17:54,-32.58,151.78,46.99,100,90,6.93,overcast clouds,0,0
